Metric,Mean
Cooperated,0.5909090909090909
Chose_Risk,0.36363636363636365
