Metric,Mean
Cooperated,0.6666666666666666
Chose_Risk,0.8333333333333334
